<?xml version="1.0" encoding="UTF-8" standalone="yes"?>
<addon id="repository.slyguy" name="SlyGuy Repository" provider-name="SlyGuy" version="0.0.2">
  <extension point="xbmc.addon.repository" name="SlyGuy Repository">
    <dir>
		<info compressed="false">https://raw.githubusercontent.com/Chrisophy/repo/main/xml/addons.xml</info>
        <checksum>https://raw.githubusercontent.com/Chrisophy/repo/main/xml/addons.xml.md5</checksum>
        <datadir zip="true">https://github.com/Chrisophy/repo/</datadir>
    </dir>
  </extension>
  <extension point="xbmc.addon.metadata">
    <platform>all</platform>
    <description lang="en">Addons by SlyGuy</description>
    <license></license>
    <language></language>
    <website></website>
    <news></news>
    <assets>
      <icon>icon.png</icon>
      <fanart>fanart.jpg</fanart>
    </assets> 
  </extension>
</addon>